{
    "$schema": "https://schema.management.azure.com/schemas/2015-01-01/deploymentParameters.json#",
    "contentVersion": "1.0.0.0",
    "parameters": {
        "storageAccounts_aghstrg_name": {
            "value": null
        },
        "virtualMachines_Alex_VM01_name": {
            "value": null
        },
        "virtualNetworks_Alex_site01_name": {
            "value": null
        },
        "networkInterfaces_alex_vm01251_name": {
            "value": null
        },
        "publicIPAddresses_Alex_VM01_ip_name": {
            "value": null
        },
        "virtualNetworks_Alex_VM01_vnet_name": {
            "value": null
        },
        "networkSecurityGroups_Alex_VM01_nsg_name": {
            "value": null
        }
    }
}